cylinders,displacement,horsepower,weight,model-year,power_to_weight,car_age,hp_per_cylinder
-0.8550035549826336,-0.40112765617065127,-0.5197448110958744,-0.3847765250884168,1.3086714302303317,-0.5015366317363068,-1.3086714302303277,0.5010138382607503
-0.8550035549826336,-0.7505058214410999,-0.22858720217254486,-0.31453218443326103,-0.34108989404939605,0.08119749735176045,0.34108989404939993,1.2345754211119913
1.509820281993403,1.2195988327228187,1.2272008424441032,1.401096542415544,-1.16597055618926,0.2554409279133516,1.1659705561892637,-0.09917291134481043
1.509820281993403,0.6567117886759849,0.16844590090472278,0.48434836776351076,0.4837907680904679,-0.36193960447339957,-0.4837907680904639,-1.4329212438016121
1.509820281993403,2.0154046536166184,2.0212670485986384,1.5022960162407684,0.2088305473771799,1.3534860000570785,-0.20883054737717596,0.9011383379977908
-1.4462095142266427,-1.1872285280291606,-0.09624283448012232,-0.6407516647639845,1.0337112095170438,1.124228232438199,-1.0337112095170398,3.7909263916541946
0.3274083635053847,-0.10997918511194406,0.16844590090472278,-0.015696091137598248,1.5836316509436197,0.4406334517617714,-1.5836316509436157,-0.2103186057162109
1.509820281993403,2.0154046536166184,2.2859557839834834,1.6273071309660456,0.2088305473771799,1.573256970559596,-0.20883054737717596,1.2345754211119913
0.3274083635053847,0.5596622983230825,0.16844590090472278,0.66888858473892,0.2088305473771799,-0.6097443500395185,-0.20883054737717596,-0.2103186057162109
0.3274083635053847,0.5596622983230825,-0.09624283448012232,0.9796304984846091,-0.616050114762684,-1.436414858592852,0.6160501147626879,-0.6549013832018108
-0.8550035549826336,-0.7796206685469705,-0.41386931694193646,-0.6705162158890505,1.5836316509436197,0.3359255533275106,-1.5836316509436157,0.7677635047521106
-0.8550035549826336,-0.6922761272293584,-0.14918058155709135,-0.015696091137598248,-0.34108989404939605,-0.26083624544117645,0.34108989404939993,1.4346376709805113
-0.8550035549826336,-0.5661117897705853,-0.22858720217254486,-0.5276463704887336,0.4837907680904679,0.5132674081487563,-0.4837907680904639,1.2345754211119913
-0.8550035549826336,-0.5564068407352951,-0.5197448110958744,-0.5157405500387072,1.5836316509436197,-0.2624568024974211,-1.5836316509436157,0.5010138382607503
0.3274083635053847,-0.28466826774716836,0.7772299922898666,0.5379245597886296,0.4837907680904679,0.7249412457038755,-0.4837907680904639,0.812221782500671
-0.8550035549826336,-0.7019810762646487,-0.757964672942235,-0.4955006552736624,1.0337112095170438,-0.9102660159207363,-1.0337112095170398,-0.09917291134481043
-0.8550035549826336,-0.6922761272293584,0.2213836479816918,-0.029983075677629933,-1.16597055618926,0.5843315003136886,1.1659705561892637,2.3682615037002726
1.509820281993403,1.6272066922050088,1.7565783132137933,2.0190086237719145,-0.891010335475972,0.2988272477540849,0.8910103354759757,0.5677012548835904
-0.8550035549826336,-0.7019810762646487,-0.7844335464807196,-0.3847765250884168,1.3086714302303317,-1.154866251680229,-1.3086714302303277,-0.16586032796765052
0.3274083635053847,0.06470989752328024,-0.17564945509557583,-0.21928562083304978,-1.7158909976158359,0.0302416483182654,1.7158909976158396,-0.7882762164474909
1.509820281993403,2.296848175640035,2.762395507676205,1.994006400826859,-1.16597055618926,1.7393289682215798,1.1659705561892637,1.8347621707175519
-0.8550035549826336,-0.8184404646881316,-0.2815249492495139,-0.6752785440690611,-0.616050114762684,0.7065083631336547,0.6160501147626879,1.101200587866311
1.509820281993403,2.403602615028228,2.9476776224455965,1.6118295643810112,-1.7158909976158359,2.59415789419325,1.7158909976158396,2.0681681288974922
-0.8550035549826336,-0.9251949040763242,-1.525562005558286,-1.3372421610905292,-1.7158909976158359,-1.673969568235128,1.7158909976158396,-2.0331079934071727
-0.8550035549826336,-0.9834245982880656,-0.9167779141731421,-0.9860204578147502,0.7587509888037558,-0.41273901437773125,-0.7587509888037518,-0.4992974110818509
-0.8550035549826336,-0.8475553117940022,-0.7844335464807196,-0.9145855351145918,1.3086714302303317,-0.1724852295453714,-1.3086714302303277,-0.16586032796765052
-0.8550035549826336,-1.0416542924998071,-1.0226534083270802,-1.1705606747901596,1.3086714302303317,-0.3237317351692891,-1.3086714302303277,-0.7660470775732112
-0.8550035549826336,-0.7602107704763901,-0.3344626963264829,-0.4478773734735567,-0.891010335475972,0.07783162185997583,0.8910103354759757,0.9678257546206308
-0.8550035549826336,-0.8281454137234218,-0.4668070640189055,-0.5883660547838683,-0.06612967333610807,0.019058894155697215,0.06612967333611197,0.6343886715064304
1.509820281993403,0.7246464319230165,0.5654790039819905,0.7700880585641445,0.7587509888037558,-0.020283703647239595,-0.7587509888037518,-0.9327656191303114
-0.8550035549826336,-0.9834245982880656,-0.9697156612501111,-1.182466495240186,1.5836316509436197,-0.11967959941793742,-1.5836316509436157,-0.6326722443275311
-0.8550035549826336,-0.6922761272293584,-0.6256203052498125,-0.34310615351332435,0.7587509888037558,-0.8313824473484441,-0.7587509888037518,0.23426417176938996
-0.8550035549826336,-0.6825711781940682,-0.4668070640189055,-0.8717245814944967,-1.16597055618926,0.6614840115654853,1.1659705561892637,0.6343886715064304
-0.8550035549826336,-0.6825711781940682,-0.4668070640189055,-0.6705162158890505,-1.16597055618926,0.1921657580413113,1.1659705561892637,0.6343886715064304
0.3274083635053847,0.31703857244082645,0.16844590090472278,0.47839545753849755,0.7587509888037558,-0.35356525055257837,-0.7587509888037518,-0.2103186057162109
-0.8550035549826336,-0.9834245982880656,-1.1549977760195027,-1.3789125326656215,0.4837907680904679,-0.2510936107578028,-0.4837907680904639,-1.0994841606874117
-0.8550035549826336,-0.7796206685469705,-0.49327593755738997,-0.45621144778857525,1.5836316509436197,-0.3068063469569036,-1.5836316509436157,0.5677012548835904
1.509820281993403,1.5301572018521064,1.0948564747516807,1.7642240661413493,-0.34108989404939605,-0.36741276944376466,0.34108989404939993,-0.26589145290191063
-0.8550035549826336,-0.8184404646881316,-0.2550560757110294,-0.6895655286090928,-0.891010335475972,0.8126472956616122,0.8910103354759757,1.167888004489151
0.3274083635053847,0.07441484655857049,-0.49327593755738997,-0.44192446324854356,-1.7158909976158359,-0.3331659871222314,1.7158909976158396,-1.3217755494302121
0.3274083635053847,0.38497321568785814,-0.09624283448012232,-0.0526041345326801,-0.34108989404939605,-0.0817375993468068,0.34108989404939993,-0.6549013832018108
0.3274083635053847,0.06470989752328024,-0.36093156986496744,-0.36929895850338246,-1.7158909976158359,-0.13840576518288264,1.7158909976158396,-1.0994841606874117
0.3274083635053847,0.5596622983230825,-0.09624283448012232,0.44982148845843417,-0.616050114762684,-0.8290631474420066,0.6160501147626879,-0.6549013832018108
-0.8550035549826336,-0.9834245982880656,-0.9432467877116266,-1.1586548543401332,1.3086714302303317,-0.09209479435079469,-1.3086714302303277,-0.5659848277046909
-0.8550035549826336,-0.9931295473233559,-0.757964672942235,-1.0122132628048084,-0.616050114762684,0.1354597477090178,0.6160501147626879,-0.09917291134481043
1.509820281993403,1.0934344952640456,1.0948564747516807,1.0974981209398706,0.2088305473771799,0.4440232859943888,-0.20883054737717596,-0.26589145290191063
-0.8550035549826336,-0.9154899550410339,-1.1549977760195027,-0.9455406682846604,-0.06612967333610807,-1.2163347870871526,0.06612967333611197,-1.0994841606874117
-0.8550035549826336,-0.7796206685469705,-0.41386931694193646,-0.3788236148634036,1.5836316509436197,-0.2510936107578028,-1.5836316509436157,0.7677635047521106
1.509820281993403,0.6567117886759849,0.16844590090472278,1.311802889040346,0.2088305473771799,-1.3252790761926954,-0.20883054737717596,-1.4329212438016121
-0.8550035549826336,-0.5078820955588439,-0.3079938227879984,-0.11094265473780948,1.5836316509436197,-0.46140189766645284,-1.5836316509436157,1.034513171243471
-0.8550035549826336,-0.9251949040763242,-0.6785580523267816,-0.9145855351145918,0.2088305473771799,0.14194829530435163,-0.20883054737717596,0.1008893385237098
-0.8550035549826336,-0.9834245982880656,-0.9697156612501111,-1.182466495240186,1.5836316509436197,-0.11967959941793742,-1.5836316509436157,-0.6326722443275311
-0.8550035549826336,-0.6922761272293584,0.2213836479816918,-0.10737090860280156,-0.891010335475972,0.733320133881551,0.8910103354759757,2.3682615037002726
-0.8550035549826336,-0.9251949040763242,-0.9697156612501111,-0.9681617271397106,1.0337112095170438,-0.6122523971673629,-1.0337112095170398,-0.6326722443275311
-0.8550035549826336,-1.0028344963586462,-0.8638401670961731,-1.2300897770402914,0.7587509888037558,0.3600099865637708,-0.7587509888037518,-0.36592257783617077
-0.8550035549826336,-1.0998839867115484,-0.9697156612501111,-1.184847659330191,-0.616050114762684,-0.11369913498610089,0.6160501147626879,-0.6326722443275311
-0.8550035549826336,-0.7019810762646487,-0.41386931694193646,-0.950302996464671,1.5836316509436197,1.0241090177994099,-1.5836316509436157,0.7677635047521106
0.3274083635053847,-0.18761877739426597,0.30079026859714536,-0.4323998068885224,0.7587509888037558,1.6395969916984108,-0.7587509888037518,0.01197278302659002
0.3274083635053847,0.38497321568785814,-0.09624283448012232,0.3926735502983074,-1.440930776902548,-0.7537282234737839,1.4409307769025517,-0.6549013832018108
-0.8550035549826336,-0.9154899550410339,-0.546213684634359,-0.8800586558095153,-0.616050114762684,0.44972189421088604,0.6160501147626879,0.4343264216379102
-0.8550035549826336,-0.49817714652355366,-0.8638401670961731,0.2759965098880487,0.7587509888037558,-2.15790130298912,-0.7587509888037518,-0.36592257783617077
0.3274083635053847,0.5596622983230825,-0.8373712935576886,0.23789788444796417,-0.34108989404939605,-2.0645625799948006,0.34108989404939993,-1.8997331601614926
0.3274083635053847,0.38497321568785814,-0.36093156986496744,0.15098539516277143,-0.06612967333610807,-0.9672325261469014,0.06612967333611197,-1.0994841606874117
-0.8550035549826336,-1.0416542924998071,-1.3667487643273788,-1.099125752090001,-0.06612967333610807,-1.5905263471416065,0.06612967333611197,-1.6329834936701322
-0.8550035549826336,-0.5078820955588439,-0.36093156986496744,-0.6550386493040162,-1.16597055618926,0.4447603152904438,1.1659705561892637,0.9011383379977908
-0.8550035549826336,-0.6825711781940682,-0.49327593755738997,-0.771715689714275,-0.891010335475972,0.34510502077543986,0.8910103354759757,0.5677012548835904
1.509820281993403,0.6567117886759849,-0.36093156986496744,0.5498303802386559,0.7587509888037558,-1.4591803114962143,-0.7587509888037518,-2.099795410030013
-0.8550035549826336,-0.9834245982880656,-1.3402798907888942,-1.3848654428906348,-0.06612967333610807,-0.9064554073282921,0.06612967333611197,-1.5662960770472922
1.509820281993403,2.5394719015222917,3.080021990138019,1.6618340102711222,-1.7158909976158359,2.7090517651787476,1.7158909976158396,2.234886670454592
1.509820281993403,1.5398621508873966,0.9095743599822891,1.1867917743150687,0.7587509888037558,0.017327675784265435,-0.7587509888037518,-0.4992974110818509
-0.26379759573862444,-0.595226636876456,-0.016836213864668787,-0.1526130263129019,0.4837907680904679,0.27611030281531995,-0.4837907680904639,0.39431397166420656
0.3274083635053847,0.31703857244082645,-0.22858720217254486,0.3640995812182441,-0.34108989404939605,-0.978943640476579,0.34108989404939993,-0.8771927719446112
1.509820281993403,1.8504205200166843,1.7565783132137933,0.7200836126740335,-1.7158909976158359,2.2243313065635433,1.7158909976158396,0.5677012548835904
-0.8550035549826336,-0.40112765617065127,-0.36093156986496744,-0.009743180912585043,1.5836316509436197,-0.7373996979194511,-1.5836316509436157,0.9011383379977908
1.509820281993403,2.0154046536166184,1.6771716925983398,2.3190352991125796,-0.891010335475972,-0.1294477016333067,0.8910103354759757,0.46767012994933027
-0.8550035549826336,-0.7019810762646487,-0.17564945509557583,-0.5383616088937574,-1.16597055618926,0.6740134837022972,1.1659705561892637,1.3679502543576714
-0.8550035549826336,-1.0416542924998071,-0.8903090406346577,-1.1527019441151198,-0.06612967333610807,0.06610503302904147,0.06612967333611197,-0.4326099944590108
-0.8550035549826336,-0.9251949040763242,-0.9697156612501111,-1.1586548543401332,0.2088305473771799,-0.17882142148188956,-0.20883054737717596,-0.6326722443275311
0.3274083635053847,0.31703857244082645,-0.09624283448012232,0.7998526096892105,0.2088305473771799,-1.2470163247962864,-0.20883054737717596,-0.6549013832018108
0.3274083635053847,-0.2361435225707172,0.4331346362895679,1.0260631982397121,-0.06612967333610807,-0.5815780616142532,0.06612967333611197,0.23426417176938996
-0.8550035549826336,-0.9251949040763242,-0.757964672942235,-0.937206593969642,-0.34108989404939605,-0.042279914556932516,0.34108989404939993,-0.09917291134481043
-0.8550035549826336,-0.9834245982880656,-0.9697156612501111,-1.1467490338901067,1.5836316509436197,-0.20794765716000188,-1.5836316509436157,-0.6326722443275311
1.509820281993403,2.296848175640035,2.4977067722913597,2.373802073182701,-0.891010335475972,0.8938076183547505,0.8910103354759757,1.5013250876033515
-0.8550035549826336,-1.0319493434645168,-1.0226534083270802,-1.1181750648100433,1.0337112095170438,-0.4472057534853983,-1.0337112095170398,-0.7660470775732112
1.509820281993403,0.6761216867465654,0.16844590090472278,0.31290455328313055,-0.34108989404939605,-0.11035019739173983,0.34108989404939993,-1.4329212438016121
-0.8550035549826336,-0.7019810762646487,-0.17564945509557583,-0.5586015036588023,-0.616050114762684,0.7195256659805017,0.6160501147626879,1.3679502543576714
-0.8550035549826336,-0.40112765617065127,-0.41386931694193646,-0.25976541036313955,0.2088305473771799,-0.46052469938946144,-0.20883054737717596,0.7677635047521106
1.509820281993403,1.2195988327228187,1.2272008424441032,1.5225359110058132,-0.891010335475972,0.10510235593973367,0.8910103354759757,-0.09917291134481043
1.509820281993403,2.0154046536166184,2.2859557839834834,1.7427935893313018,-1.16597055618926,1.4073619109139581,1.1659705561892637,1.2345754211119913
1.509820281993403,1.5301572018521064,2.0212670485986384,0.8403323992193003,-0.891010335475972,2.4677609018756415,0.8910103354759757,0.9011383379977908
0.3274083635053847,0.31703857244082645,0.03610153321230023,0.19384634878286647,-0.891010335475972,-0.19777289847753457,0.8910103354759757,-0.4326099944590108
-0.8550035549826336,-1.0610641905703875,-1.1285289024810181,-1.1372243775300857,-0.616050114762684,-0.7467227901546025,0.6160501147626879,-1.0327967440645716
-0.8550035549826336,-0.8281454137234218,-0.757964672942235,-0.890773894214539,1.3086714302303317,-0.14723095322825644,-1.3086714302303277,-0.09917291134481043
0.3274083635053847,0.5596622983230825,-0.09624283448012232,0.38076772984828106,-0.891010335475972,-0.7377557487459273,0.8910103354759757,-0.6549013832018108
0.3274083635053847,0.38497321568785814,-0.36093156986496744,0.3652901632632467,0.7587509888037558,-1.2441112778655248,-0.7587509888037518,-1.0994841606874117
1.509820281993403,1.5301572018521064,1.4918895778289483,1.7832733788613915,-1.16597055618926,0.19190766146090588,1.1659705561892637,0.23426417176938996
-0.8550035549826336,-0.6922761272293584,0.2478525215201763,-0.8621999251344756,-1.7158909976158359,2.7182904867151687,1.7158909976158396,2.4349489203231127
1.509820281993403,1.5301572018521064,1.6242339455213708,1.4891996137457393,-1.440930776902548,0.75916135833795,1.4409307769025517,0.40098271332649016
-0.8550035549826336,-0.9931295473233559,-0.757964672942235,-0.9919733680397634,-0.616050114762684,0.08646002621322396,0.6160501147626879,-0.09917291134481043
0.3274083635053847,-0.35260291099420005,0.4860723833665369,-0.17999641334796262,-0.891010335475972,1.4927130474954418,0.8910103354759757,0.32318072726650976
1.509820281993403,1.5301572018521064,1.3595452101365257,1.838040152931513,-1.16597055618926,-0.062447464463021525,1.1659705561892637,0.06754563021228976
-0.8550035549826336,-0.5078820955588439,-0.3079938227879984,-0.45978319392358313,-0.06612967333610807,0.16835484326995842,0.06612967333611197,1.034513171243471
1.509820281993403,1.5301572018521064,2.0212670485986384,1.6927891434411908,-0.06612967333610807,1.0852488698535219,0.06612967333611197,0.9011383379977908
1.509820281993403,1.2195988327228187,0.8301677393668355,1.0379690186897386,0.7587509888037558,0.07852795641494972,-0.7587509888037518,-0.599328536016111
0.3274083635053847,0.31703857244082645,-0.36093156986496744,0.503397680483553,1.0337112095170438,-1.4069227900578845,-1.0337112095170398,-1.0994841606874117
-0.8550035549826336,-0.8475553117940022,-0.7844335464807196,-1.1646077645651463,1.5836316509436197,0.44447145936431265,-1.5836316509436157,-0.16586032796765052
0.3274083635053847,0.38497321568785814,-0.09624283448012232,-0.06808170111771443,-0.616050114762684,-0.05526363108795166,0.6160501147626879,-0.6549013832018108
-0.8550035549826336,-0.7408008724058096,-0.757964672942235,-0.847912940594444,-0.616050114762684,-0.2408738212146015,0.6160501147626879,-0.09917291134481043
-0.8550035549826336,-0.9251949040763242,-0.6785580523267816,-1.212231046365252,0.2088305473771799,0.9320840858416729,-0.20883054737717596,0.1008893385237098
1.509820281993403,1.5301572018521064,1.0948564747516807,1.2260809818001557,-0.891010335475972,0.269795326533997,0.8910103354759757,-0.26589145290191063
-0.8550035549826336,-0.6825711781940682,-0.41386931694193646,-0.5455051011637733,1.0337112095170438,0.07025745163861513,-1.0337112095170398,0.7677635047521106
-0.26379759573862444,-0.6922761272293584,-0.9697156612501111,-0.009743180912585043,1.0337112095170438,-2.079604498485602,-1.0337112095170398,-1.526283627073588
-0.8550035549826336,-0.5078820955588439,-0.6256203052498125,-0.06331937293770387,1.0337112095170438,-1.2486488511695975,-1.0337112095170398,0.23426417176938996
1.509820281993403,1.064319648158175,0.697823371674413,1.5915896696159664,0.2088305473771799,-0.7788404494680342,-0.20883054737717596,-0.7660470775732112
0.3274083635053847,0.3752682666525679,0.30079026859714536,0.3414785223631939,0.7587509888037558,0.11142547239906295,-0.7587509888037518,0.01197278302659002
-0.8550035549826336,-0.8475553117940022,-0.8903090406346577,-0.9026797146645654,0.7587509888037558,-0.5119305120535966,-0.7587509888037518,-0.4326099944590108
-0.8550035549826336,-0.9154899550410339,-0.6520891787882971,-0.8371977021894201,-0.06612967333610807,0.041552668744794914,0.06612967333611197,0.16757675514654988
-0.8550035549826336,-0.5661117897705853,-0.22858720217254486,-0.4740701784636148,0.4837907680904679,0.3989608541903074,-0.4837907680904639,1.2345754211119913
-0.8550035549826336,-0.5078820955588439,-0.41386931694193646,-0.08117810361274347,0.7587509888037558,-0.7474960180681358,-0.7587509888037518,0.7677635047521106
-0.8550035549826336,-0.5661117897705853,-0.36093156986496744,-0.29429228966821613,1.0337112095170438,-0.2743774654658737,-1.0337112095170398,0.9011383379977908
-0.8550035549826336,-0.40112765617065127,-0.36093156986496744,-0.26571832058815276,1.5836316509436197,-0.32452849704583253,-1.5836316509436157,0.9011383379977908
-0.8550035549826336,-1.1775235789938705,-1.0226534083270802,-1.3360515790455265,-0.616050114762684,0.1052130060449472,0.6160501147626879,-0.7660470775732112
1.509820281993403,2.0154046536166184,1.8889226809062158,1.7927980352214126,-1.440930776902548,0.7592987945304726,1.4409307769025517,0.7344197964406906
1.509820281993403,1.433107711499204,1.4918895778289483,0.7748503867441551,-1.7158909976158359,1.6426299934961124,1.7158909976158396,0.23426417176938996
1.509820281993403,1.6272066922050088,1.2272008424441032,1.1689330436400291,0.7587509888037558,0.5645182227356431,-0.7587509888037518,-0.09917291134481043
1.509820281993403,1.0934344952640456,0.962512107059258,1.4963431060157553,-0.06612967333610807,-0.271515005165303,0.06612967333611197,-0.4326099944590108
-0.8550035549826336,-1.0416542924998071,-0.8903090406346577,-1.2062781361402388,0.2088305473771799,0.20620913135975824,-0.20883054737717596,-0.4326099944590108
0.3274083635053847,-0.3623078600294903,0.08903928028926926,-0.5788413984238472,-0.891010335475972,1.4620730273645683,0.8910103354759757,-0.34369343896189103
-0.8550035549826336,-0.9834245982880656,-1.3402798907888942,-1.3848654428906348,-0.34108989404939605,-0.9064554073282921,0.34108989404939993,-1.5662960770472922
-0.8550035549826336,-0.711686025299939,-0.17564945509557583,-0.7836215101643014,0.4837907680904679,1.2708330046289573,-0.4837907680904639,1.3679502543576714
-0.8550035549826336,-0.8475553117940022,-1.0755911554040491,-0.9919733680397634,1.5836316509436197,-0.885694448263333,-1.5836316509436157,-0.8994219108188913
-0.8550035549826336,-0.7408008724058096,-0.757964672942235,-0.9526841605546763,-0.891010335475972,-0.0064532547695330235,0.8910103354759757,-0.09917291134481043
0.3274083635053847,0.31703857244082645,-0.49327593755738997,0.6034065722637748,1.3086714302303317,-1.766431799238126,-1.3086714302303277,-1.3217755494302121
-0.8550035549826336,-0.6922761272293584,0.30079026859714536,-0.1942833978879943,0.4837907680904679,1.0936862631858044,-0.4837907680904639,2.5683237535687926
-0.8550035549826336,-0.8184404646881316,-0.8903090406346577,-0.8491035226394466,1.5836316509436197,-0.6217260005723151,-1.5836316509436157,-0.4326099944590108
1.509820281993403,1.064319648158175,0.6713544981359285,0.9129579039644613,0.7587509888037558,-0.027719190587713813,-0.7587509888037518,-0.7993907858846313
0.3274083635053847,-0.45935735038239267,-0.7314957994037505,0.24027904853796947,1.3086714302303317,-1.8491323478105115,-1.3086714302303277,-1.7219000491672525
1.509820281993403,1.064319648158175,0.6713544981359285,0.25099428694299325,-0.34108989404939605,1.018274231395471,0.34108989404939993,-0.7993907858846313
1.509820281993403,1.064319648158175,0.9360432335207736,0.7284176869890521,0.4837907680904679,0.7133453520165595,-0.4837907680904639,-0.46595370277043086
1.509820281993403,1.2195988327228187,1.2272008424441032,1.7844639609063941,-0.616050114762684,-0.19573087604256348,0.6160501147626879,-0.09917291134481043
1.509820281993403,2.0154046536166184,1.7565783132137933,2.0356767724019513,-0.34108989404939605,0.2799676381529123,0.34108989404939993,0.5677012548835904
0.3274083635053847,0.5596622983230825,0.16844590090472278,0.8177113403642501,-0.06612967333610807,-0.794235471069208,0.06612967333611197,-0.2103186057162109
0.3274083635053847,0.31703857244082645,-0.09624283448012232,0.824854832634266,-0.06612967333610807,-1.2742944051588854,0.06612967333611197,-0.6549013832018108
-0.8550035549826336,-0.4690622994176829,-0.20211832863406035,-0.34905906373833756,1.5836316509436197,0.21185518591353042,-1.5836316509436157,1.3012628377348312
1.509820281993403,1.2195988327228187,1.2272008424441032,0.5688796929586982,-1.7158909976158359,1.5258767575576604,1.7158909976158396,-0.09917291134481043
-0.8550035549826336,-0.5078820955588439,-0.8373712935576886,-0.4681172682386016,-0.06612967333610807,-1.1571586363116113,0.06612967333611197,-0.29923516121333066
1.509820281993403,2.0154046536166184,3.344710725522864,1.5713497748509215,-0.891010335475972,3.265997509940315,0.8910103354759757,2.5683237535687926
-0.8550035549826336,-0.5078820955588439,-0.3874004434034519,-0.24190667968809995,0.2088305473771799,-0.4281407996591215,-0.20883054737717596,0.8344509213749507
-0.8550035549826336,-0.9251949040763242,-0.757964672942235,-0.8252918817393938,0.2088305473771799,-0.2890963380989112,-0.20883054737717596,-0.09917291134481043
1.509820281993403,1.1128443933346261,2.5506445193683285,1.6880268152611804,-1.7158909976158359,1.878518091595055,1.7158909976158396,1.5680125042261917
1.509820281993403,1.2195988327228187,1.2272008424441032,0.5248281572936006,-0.891010335475972,1.6076858606122206,0.8910103354759757,-0.09917291134481043
-0.8550035549826336,-0.9931295473233559,-1.472624258481317,-1.039596649839869,1.0337112095170438,-2.0262857591450008,-1.0337112095170398,-1.8997331601614926
0.3274083635053847,0.3752682666525679,0.03610153321230023,0.5557832904636691,0.2088305473771799,-0.7118420057474523,-0.20883054737717596,-0.4326099944590108
0.3274083635053847,-0.44965240134710244,-0.17564945509557583,-0.1704717569879415,0.2088305473771799,-0.05743495224689373,-0.20883054737717596,-0.7882762164474909
-0.8550035549826336,-0.9834245982880656,-0.9432467877116266,-1.1765135850151727,1.5836316509436197,-0.04719065238444099,-1.5836316509436157,-0.5659848277046909
-0.8550035549826336,-0.5078820955588439,-0.41386931694193646,-0.10498974451279629,1.0337112095170438,-0.7109663356904559,-1.0337112095170398,0.7677635047521106
-0.8550035549826336,-0.5564068407352951,-0.5197448110958744,-0.6824220363390769,1.3086714302303317,0.0737221531199776,-1.3086714302303277,0.5010138382607503
-0.8550035549826336,-1.0998839867115484,-0.9697156612501111,-1.2003252259152255,-0.616050114762684,-0.07452709295757355,0.6160501147626879,-0.6326722443275311
1.509820281993403,1.2195988327228187,1.2272008424441032,1.3320427838053908,-1.16597055618926,0.3442824509195709,1.1659705561892637,-0.09917291134481043
-0.8550035549826336,-0.711686025299939,-0.09624283448012232,-0.4085881659884696,1.3086714302303317,0.5937586087356467,-1.3086714302303277,1.5680125042261917
-0.8550035549826336,-0.9251949040763242,-0.41386931694193646,-0.9860204578147502,-1.440930776902548,1.1228923200115875,1.4409307769025517,0.7677635047521106
-0.8550035549826336,-0.9251949040763242,-0.41386931694193646,-1.0217379191648295,-1.16597055618926,1.224498002286971,1.1659705561892637,0.7677635047521106
-0.8550035549826336,-0.9834245982880656,-0.9697156612501111,-1.3193834304154897,1.0337112095170438,0.2452014663023011,-1.0337112095170398,-0.6326722443275311
-0.8550035549826336,-0.9251949040763242,-0.41386931694193646,-0.8086237331093568,-0.891010335475972,0.657886937768389,0.8910103354759757,0.7677635047521106
-0.8550035549826336,-1.0416542924998071,-0.8903090406346577,-1.0574553805149087,0.4837907680904679,-0.1679282219388545,-0.4837907680904639,-0.4326099944590108
-0.8550035549826336,-0.5078820955588439,-0.41386931694193646,-0.2835770512631924,0.4837907680904679,-0.4198704292433155,-0.4837907680904639,0.7677635047521106
0.3274083635053847,0.31703857244082645,0.03610153321230023,0.7796127149241656,-0.616050114762684,-0.9864616363871833,0.6160501147626879,-0.4326099944590108
-0.8550035549826336,-1.1095889357468387,-1.3667487643273788,-1.1586548543401332,0.4837907680904679,-1.4797208284483157,-0.4837907680904639,-1.6329834936701322
-0.8550035549826336,-0.8863751079351632,-0.546213684634359,-0.9002985505745601,-0.06612967333610807,0.49943436681265485,0.06612967333611197,0.4343264216379102
1.509820281993403,1.5301572018521064,1.3595452101365257,1.668977502541138,0.7587509888037558,0.13058974480806046,-0.7587509888037518,0.06754563021228976
0.3274083635053847,0.6373018906054043,0.16844590090472278,0.004543803627446642,-1.440930776902548,0.40372853577680906,1.4409307769025517,-0.2103186057162109
0.3274083635053847,0.07441484655857049,-0.41386931694193646,0.12122084403770542,1.3086714302303317,-1.0387187636901987,-1.3086714302303277,-1.1884007161845318
1.509820281993403,1.0837295462287553,1.2272008424441032,0.8498570555793213,-1.16597055618926,1.0428619976311333,1.1659705561892637,-0.09917291134481043
-0.8550035549826336,-0.9834245982880656,-0.9432467877116266,-1.1110315725400275,1.5836316509436197,-0.20858685647256223,-1.5836316509436157,-0.5659848277046909
1.509820281993403,1.0837295462287553,1.2272008424441032,0.8498570555793213,-0.891010335475972,1.0428619976311333,0.8910103354759757,-0.09917291134481043
-0.8550035549826336,-0.9931295473233559,-1.472624258481317,-1.1586548543401332,0.4837907680904679,-1.8266273369726957,-0.4837907680904639,-1.8997331601614926
1.509820281993403,1.2195988327228187,1.2272008424441032,1.4665785548906891,-0.06612967333610807,0.17346669159000433,0.06612967333611197,-0.09917291134481043
0.3274083635053847,0.5596622983230825,0.03610153321230023,1.1177380157049155,-0.34108989404939605,-1.3510663169151207,0.34108989404939993,-0.4326099944590108
1.509820281993403,2.0154046536166184,1.2272008424441032,0.9558188575845564,-1.7158909976158359,0.8764486230276285,1.7158909976158396,-0.09917291134481043
0.3274083635053847,0.5596622983230825,-0.41386931694193646,0.40934169892834443,-1.440930776902548,-1.401556551542762,1.4409307769025517,-1.1884007161845318
1.509820281993403,1.0837295462287553,2.365362404598937,2.1118740232821205,-1.7158909976158359,1.031924080400457,1.7158909976158396,1.3346065460462513
-0.8550035549826336,-0.9931295473233559,-0.8638401670961731,-0.8752963276295047,-0.34108989404939605,-0.49116212180197366,0.34108989404939993,-0.36592257783617077
-0.8550035549826336,-1.1289988338174193,-1.3667487643273788,-1.5586904214610202,-0.616050114762684,-0.5608077725147242,0.6160501147626879,-1.6329834936701322
-0.8550035549826336,-1.0028344963586462,-1.1020600289425337,-1.0812670214149616,1.3086714302303317,-0.7829464143755669,-1.3086714302303277,-0.9661093274417315
-0.8550035549826336,-0.9931295473233559,-1.472624258481317,-0.7419511385892089,1.0337112095170438,-2.450613348022973,-1.0337112095170398,-1.8997331601614926
1.509820281993403,1.2195988327228187,1.0948564747516807,1.407049452640557,0.2088305473771799,0.03998525010851796,-0.20883054737717596,-0.26589145290191063
1.509820281993403,1.6272066922050088,1.8889226809062158,1.0272537802847148,-0.891010335475972,1.89499131542308,0.8910103354759757,0.7344197964406906
-0.8550035549826336,-1.0125394453939363,-0.7314957994037505,-1.0634082907399218,-1.440930776902548,0.3463681534693656,1.4409307769025517,-0.03248549472197035
-0.8550035549826336,-0.6922761272293584,0.16844590090472278,-0.4264468966635092,0.2088305473771799,1.2938634199942047,-0.20883054737717596,2.234886670454592
-0.8550035549826336,-0.711686025299939,-0.3079938227879984,-0.6240835161339475,1.0337112095170438,0.5174857878015363,-1.0337112095170398,1.034513171243471
-0.8550035549826336,-1.0416542924998071,-1.0226534083270802,-1.1169844827650406,0.7587509888037558,-0.4499494662011302,-0.7587509888037518,-0.7660470775732112
-0.8550035549826336,-0.6922761272293584,0.30079026859714536,-0.34191557146832174,-0.34108989404939605,1.4225203220041995,0.34108989404939993,2.5683237535687926
1.509820281993403,1.8504205200166843,2.0212670485986384,2.377373819317709,-1.440930776902548,0.26426325376002135,1.4409307769025517,0.9011383379977908
-0.8550035549826336,-0.9154899550410339,-0.7314957994037505,-0.9693523091847133,1.0337112095170438,0.11291012463259524,-1.0337112095170398,-0.03248549472197035
1.509820281993403,1.2195988327228187,1.2272008424441032,1.1689330436400291,-0.06612967333610807,0.5645182227356431,0.06612967333611197,-0.09917291134481043
0.3274083635053847,0.31703857244082645,-0.09624283448012232,0.5617362006886824,0.4837907680904679,-0.9704863472762302,-0.4837907680904639,-0.6549013832018108
-0.8550035549826336,-0.9154899550410339,-1.0226534083270802,-0.6883749465640902,1.3086714302303317,-1.287865495740242,-1.3086714302303277,-0.7660470775732112
1.509820281993403,1.064319648158175,0.962512107059258,0.5843572595437325,-1.7158909976158359,0.9984127050465171,1.7158909976158396,-0.4326099944590108
0.3274083635053847,0.3752682666525679,0.03610153321230023,0.5022070984385504,0.4837907680904679,-0.6415772558929255,-0.4837907680904639,-0.4326099944590108
-0.8550035549826336,-0.8184404646881316,-0.757964672942235,-0.7240924079141693,1.3086714302303317,-0.49528134814109903,-1.3086714302303277,-0.09917291134481043
0.3274083635053847,0.05500494848799001,-0.22858720217254486,-0.06450995498270651,-0.891010335475972,-0.35779961583335496,0.8910103354759757,-0.8771927719446112
0.3274083635053847,0.5596622983230825,-0.14918058155709135,0.6748414949639332,0.2088305473771799,-1.2034257865526565,-0.20883054737717596,-0.7438179386989315
-0.8550035549826336,-0.35260291099420005,-0.3079938227879984,-0.4026352557634564,1.3086714302303317,0.05553908236855011,-1.3086714302303277,1.034513171243471
1.509820281993403,1.2195988327228187,1.2272008424441032,0.9486753653145406,-0.06612967333610807,0.8874195216624511,0.06612967333611197,-0.09917291134481043
-0.8550035549826336,-0.711686025299939,-0.17564945509557583,-0.49192890913865445,-0.34108989404939605,0.5719006200497494,0.34108989404939993,1.3679502543576714
0.3274083635053847,0.38497321568785814,-0.09624283448012232,-0.015696091137598248,-0.891010335475972,-0.14392462924068533,0.8910103354759757,-0.6549013832018108
-0.8550035549826336,-0.7893256175822608,-0.6256203052498125,-0.9562559066896842,0.2088305473771799,0.4013012374947847,-0.20883054737717596,0.23426417176938996
1.509820281993403,1.5301572018521064,1.6242339455213708,1.5665874466709109,-1.16597055618926,0.656526042043096,1.1659705561892637,0.40098271332649016
0.3274083635053847,0.5596622983230825,-0.41386931694193646,0.215276825592914,-1.440930776902548,-1.163316453199733,1.4409307769025517,-1.1884007161845318
0.3274083635053847,0.38497321568785814,-0.09624283448012232,-0.3859671071334194,-1.440930776902548,0.5462711307887914,1.4409307769025517,-0.6549013832018108
-0.8550035549826336,-0.8475553117940022,-0.757964672942235,-0.8669622533144862,0.4837907680904679,-0.1996280338205161,-0.4837907680904639,-0.09917291134481043
0.3274083635053847,0.6373018906054043,-0.22858720217254486,0.27956825602305657,-0.06612967333610807,-0.8675280790252806,0.06612967333611197,-0.8771927719446112
-0.8550035549826336,-0.8960800569704535,-0.757964672942235,-0.7598098692642485,1.3086714302303317,-0.4242353469627686,-1.3086714302303277,-0.09917291134481043
1.509820281993403,1.2195988327228187,2.815333254753174,1.6951703075311961,-1.7158909976158359,2.260607413221498,1.7158909976158396,1.901449587340392
0.3274083635053847,0.6761216867465654,-0.49327593755738997,0.06764465201258658,1.5836316509436197,-1.1361223007266141,-1.5836316509436157,-1.3217755494302121
1.509820281993403,1.5398621508873966,1.2007319689056186,1.639212951416072,0.2088305473771799,-0.07238874412608239,-0.20883054737717596,-0.13251661965623046
1.509820281993403,1.0934344952640456,1.0948564747516807,0.5557832904636691,0.4837907680904679,1.2986964451164735,-0.4837907680904639,-0.26589145290191063
1.509820281993403,1.5398621508873966,1.0154498541362271,1.3046593967703302,0.7587509888037558,0.04049811017770142,-0.7587509888037518,-0.36592257783617077
0.3274083635053847,0.3752682666525679,0.16844590090472278,0.09621862109264996,-0.34108989404939605,0.24174136365497945,0.34108989404939993,-0.2103186057162109
-0.8550035549826336,-0.5564068407352951,-0.5197448110958744,-0.5574109216137997,1.3086714302303317,-0.18195611884807425,-1.3086714302303277,0.5010138382607503
1.509820281993403,1.0837295462287553,1.2272008424441032,1.546347551905866,-0.616050114762684,0.07646900947412369,0.6160501147626879,-0.09917291134481043
1.509820281993403,2.0154046536166184,1.8889226809062158,1.6987420536662041,-1.16597055618926,0.8808850053559821,1.1659705561892637,0.7344197964406906
1.509820281993403,1.5301572018521064,1.2272008424441032,2.072584815797033,-0.616050114762684,-0.4941121155190253,0.6160501147626879,-0.09917291134481043
-0.8550035549826336,-0.6825711781940682,-0.6256203052498125,-0.6038436213689027,-0.616050114762684,-0.37049752885404075,0.6160501147626879,0.23426417176938996
1.509820281993403,2.549176850557582,3.2123663578304416,1.7463653354663096,-1.7158909976158359,2.7640041296444195,1.7158909976158396,2.4016052120116926
1.509820281993403,1.5398621508873966,1.3066074630595568,1.3939530501455282,-1.16597055618926,0.3895961090150083,1.1659705561892637,0.000858213589449691
-0.8550035549826336,-0.8475553117940022,-0.8903090406346577,-0.9622088169146974,0.7587509888037558,-0.38454504863006916,-0.7587509888037518,-0.4326099944590108
-0.8550035549826336,-0.7699157195116804,-0.22858720217254486,-0.6978996029241112,-1.7158909976158359,0.9052979803157903,1.7158909976158396,1.2345754211119913
1.509820281993403,1.2195988327228187,1.2272008424441032,1.8332778247515025,-0.34108989404939605,-0.24854207148323293,0.34108989404939993,-0.09917291134481043
1.509820281993403,1.2195988327228187,1.2272008424441032,1.354663842660441,-1.440930776902548,0.3149020871711552,1.4409307769025517,-0.09917291134481043
1.509820281993403,1.5301572018521064,0.03610153321230023,0.9129579039644613,1.3086714302303317,-1.1368887252253963,-1.3086714302303277,-1.5996397853587123
-0.8550035549826336,-1.0319493434645168,-1.0226534083270802,-1.009832098714803,1.0337112095170438,-0.6862338441991265,-1.0337112095170398,-0.7660470775732112
-0.8550035549826336,-1.0998839867115484,-1.2079355230964717,-1.3491479815405556,0.2088305473771799,-0.5183621068800677,-0.20883054737717596,-1.2328589939330918
0.3274083635053847,0.07441484655857049,-0.49327593755738997,0.03788010088752058,0.7587509888037558,-1.0955421741502043,-0.7587509888037518,-1.3217755494302121
-0.8550035549826336,-1.0319493434645168,-1.0491222818655648,-1.2896188792904235,1.3086714302303317,-0.1133717268736235,-1.3086714302303277,-0.8327344941960513
-0.8550035549826336,-0.9154899550410339,-0.546213684634359,-1.0515024702898954,0.2088305473771799,0.8965887549436884,-0.20883054737717596,0.4343264216379102
-0.8550035549826336,-0.7019810762646487,-0.41386931694193646,0.3712430734882599,-0.06612967333610807,-1.3566591923968536,0.06612967333611197,0.7677635047521106
1.509820281993403,1.064319648158175,0.697823371674413,1.0855923004898442,-0.06612967333610807,-0.20660979813371358,0.06612967333611197,-0.7660470775732112
-0.26379759573862444,-0.09056928704136359,-0.705026925865266,0.6807944051889464,0.7587509888037558,-2.234340758287291,-0.7587509888037518,-0.9927842940908674
0.3274083635053847,-0.44965240134710244,0.4331346362895679,-0.03355482181263785,1.3086714302303317,1.061102950709772,-1.3086714302303277,0.23426417176938996
0.3274083635053847,0.07441484655857049,-0.22858720217254486,0.23432613831295626,0.4837907680904679,-0.805837068030314,-0.4837907680904639,-0.8771927719446112
-0.8550035549826336,-0.35260291099420005,-0.3079938227879984,-0.44430562733854884,1.5836316509436197,0.13738688053380432,-1.5836316509436157,1.034513171243471
0.3274083635053847,0.3752682666525679,0.16844590090472278,0.5438774700136427,1.3086714302303317,-0.44433441903843424,-1.3086714302303277,-0.2103186057162109
-0.8550035549826336,-0.40112765617065127,-0.36093156986496744,-0.34310615351332435,0.7587509888037558,-0.1866170733588427,-0.7587509888037518,0.9011383379977908
-0.8550035549826336,-0.35260291099420005,0.03610153321230023,-0.25381250013812634,0.4837907680904679,0.5955573147596908,-0.4837907680904639,1.901449587340392
-0.8550035549826336,-0.9251949040763242,-0.8638401670961731,-1.3491479815405556,-0.06612967333610807,0.7079286400338536,0.06612967333611197,-0.36592257783617077
0.3274083635053847,0.31703857244082645,-0.22858720217254486,0.9843928266646198,-0.34108989404939605,-1.6686405221592477,0.34108989404939993,-0.8771927719446112
1.509820281993403,2.0154046536166184,1.8889226809062158,2.5976314976431976,-1.440930776902548,-0.12828713193760477,1.4409307769025517,0.7344197964406906
-0.8550035549826336,-0.6825711781940682,-0.20211832863406035,-0.7836215101643014,0.2088305473771799,1.195984154691904,-0.20883054737717596,1.3012628377348312
0.3274083635053847,0.5596622983230825,0.03610153321230023,0.47006138322347907,-0.06612967333610807,-0.5985131160327843,0.06612967333611197,-0.4326099944590108
-0.8550035549826336,-0.9154899550410339,-0.8903090406346577,-0.9979262782647766,1.0337112095170438,-0.3052295714040995,-1.0337112095170398,-0.4326099944590108
0.3274083635053847,0.6373018906054043,0.4331346362895679,0.5379245597886296,0.4837907680904679,0.06864194566929947,-0.4837907680904639,0.23426417176938996
1.509820281993403,1.5301572018521064,2.0212670485986384,1.8344684067965051,-0.891010335475972,0.898119338227575,0.8910103354759757,0.9011383379977908
-0.8550035549826336,-1.1678186299585802,-0.9167779141731421,-1.6015513750811154,-1.440930776902548,1.3747304472880162,1.4409307769025517,-0.4992974110818509
1.509820281993403,1.5301572018521064,1.6242339455213708,0.8748592785243768,-1.7158909976158359,1.702110740293882,1.7158909976158396,0.40098271332649016
-0.8550035549826336,-0.7408008724058096,-0.36093156986496744,-0.9943545321297688,-1.440930776902548,1.308521850876112,1.4409307769025517,0.9011383379977908
-0.8550035549826336,-0.9251949040763242,-0.3079938227879984,-0.797908494704333,-1.16597055618926,0.932704633584644,1.1659705561892637,1.034513171243471
-0.8550035549826336,-0.6049315859117462,-0.043305087403153295,0.22837322808794305,-0.06612967333610807,-0.4150482344294447,0.06612967333611197,1.7013873374718718
0.3274083635053847,0.5596622983230825,-0.09624283448012232,0.4414874141434157,-1.440930776902548,-0.8182121122834716,1.4409307769025517,-0.6549013832018108
1.509820281993403,1.2195988327228187,0.962512107059258,1.3356145299403988,0.4837907680904679,-0.0823167922722888,-0.4837907680904639,-0.4326099944590108
1.509820281993403,1.5398621508873966,1.4389518307519793,1.672549248676146,-0.891010335475972,0.2447535722234738,0.8910103354759757,0.16757675514654988
0.3274083635053847,-0.18761877739426597,0.16844590090472278,-0.2776241410381792,1.3086714302303317,0.9597639310373487,-1.3086714302303277,-0.2103186057162109
-0.8550035549826336,-1.1775235789938705,-1.0226534083270802,-1.411058247880693,-1.440930776902548,0.3217766056244977,1.4409307769025517,-0.7660470775732112
-0.8550035549826336,-0.9154899550410339,-0.9432467877116266,-0.9562559066896842,0.4837907680904679,-0.5573197640192211,-0.4837907680904639,-0.5659848277046909
-1.4462095142266427,-1.0901790376762583,0.16844590090472278,-0.2835770512631924,0.2088305473771799,0.9725383232621696,-0.20883054737717596,4.680091946625395
1.509820281993403,2.549176850557582,3.2123663578304416,0.15217597720777407,-1.7158909976158359,6.562108249142169,1.7158909976158396,2.4016052120116926
-0.8550035549826336,-0.9251949040763242,-0.6785580523267816,-0.9169666992045971,1.0337112095170438,0.14755291480578592,-1.0337112095170398,0.1008893385237098
1.509820281993403,1.2195988327228187,1.2272008424441032,0.9748681703045986,-0.891010335475972,0.8473633000208285,0.8910103354759757,-0.09917291134481043
0.3274083635053847,-0.28466826774716836,0.5654790039819905,0.21646740763791664,0.4837907680904679,0.8636934005127535,-0.4837907680904639,0.45655556051218993
-0.8550035549826336,-0.5078820955588439,-0.546213684634359,-0.3800141969084062,-0.34108989404939605,-0.5750888219922133,0.34108989404939993,0.4343264216379102
-0.8550035549826336,-1.0416542924998071,-0.9697156612501111,-1.3372421610905292,1.0337112095170438,0.29616637288732206,-1.0337112095170398,-0.6326722443275311
-0.8550035549826336,-0.5564068407352951,-0.5197448110958744,-0.7002807670141166,1.5836316509436197,0.1120970112996314,-1.5836316509436157,0.5010138382607503
1.509820281993403,1.064319648158175,0.962512107059258,1.4082400346855597,-0.616050114762684,-0.1693340604361554,0.6160501147626879,-0.4326099944590108
-0.8550035549826336,-0.40112765617065127,-0.36093156986496744,-0.4788325066436254,0.7587509888037558,0.0721971964820542,-0.7587509888037518,0.9011383379977908
-0.8550035549826336,-0.8281454137234218,-0.757964672942235,-0.8967268044395522,1.5836316509436197,-0.1339831652780582,-1.5836316509436157,-0.09917291134481043
-0.8550035549826336,-0.8184404646881316,-0.757964672942235,-0.8252918817393938,1.0337112095170438,-0.2890963380989112,-1.0337112095170398,-0.09917291134481043
-0.8550035549826336,-0.9154899550410339,-0.9961845347885957,-1.3789125326656215,0.4837907680904679,0.3227475720929428,-0.4837907680904639,-0.6993596609503712
-0.8550035549826336,-0.9251949040763242,-1.1549977760195027,-1.3384327431355318,-1.440930776902548,-0.3574763818424553,1.4409307769025517,-1.0994841606874117
-0.8550035549826336,-1.0998839867115484,-0.8903090406346577,-1.052693052334898,-1.440930776902548,-0.17915595041971497,1.4409307769025517,-0.4326099944590108
0.3274083635053847,0.38497321568785814,-0.36093156986496744,0.30099873283310413,-0.34108989404939605,-1.1643070783278147,0.34108989404939993,-1.0994841606874117
0.3274083635053847,0.31703857244082645,-0.09624283448012232,0.32719153782316224,-0.06612967333610807,-0.6646568511049219,0.06612967333611197,-0.6549013832018108
-0.8550035549826336,-0.5564068407352951,-0.5197448110958744,-0.7895744203893146,1.5836316509436197,0.31149578419390883,-1.5836316509436157,0.5010138382607503
1.509820281993403,1.0837295462287553,0.4331346362895679,1.195125848630087,-0.06612967333610807,-0.7754007995310734,0.06612967333611197,-1.0994841606874117
-0.8550035549826336,-0.5661117897705853,-0.20211832863406035,-0.3050075280732399,-0.34108989404939605,0.12693648009131875,0.34108989404939993,1.3012628377348312
-0.8550035549826336,-0.9251949040763242,-1.3138110172504098,-0.8383882842344228,-1.16597055618926,-1.8651810549786216,1.1659705561892637,-1.499608660424452
-0.8550035549826336,-0.6825711781940682,-0.4668070640189055,-0.8788680737645126,-1.440930776902548,0.6794596587298926,1.4409307769025517,0.6343886715064304
-0.8550035549826336,-0.9251949040763242,-0.9697156612501111,-1.0634082907399218,1.3086714302303317,-0.4039326667228923,-1.3086714302303277,-0.6326722443275311
-0.8550035549826336,-0.9154899550410339,-1.0755911554040491,-1.080076439369959,0.2088305473771799,-0.7015491467839853,-0.20883054737717596,-0.8994219108188913
0.3274083635053847,0.07441484655857049,-0.49327593755738997,0.008115549762454564,0.4837907680904679,-1.054277728407244,-0.4837907680904639,-1.3217755494302121
-0.8550035549826336,-0.8281454137234218,-0.36093156986496744,-0.6288458443139581,-1.7158909976158359,0.386507703520803,1.7158909976158396,0.9011383379977908
-0.8550035549826336,-0.40112765617065127,-0.36093156986496744,0.0533576674725549,1.0337112095170438,-0.8300942048429701,-1.0337112095170398,0.9011383379977908
0.3274083635053847,0.6373018906054043,0.16844590090472278,0.9189108141894745,-0.34108989404939605,-0.9126263416581261,0.34108989404939993,-0.2103186057162109
-0.8550035549826336,-1.0028344963586462,-0.8638401670961731,-1.1527019441151198,0.4837907680904679,0.15261375406181707,-0.4837907680904639,-0.36592257783617077
0.3274083635053847,0.07441484655857049,-0.599151431711328,0.06407290587757866,-0.06612967333610807,-1.3599102389753785,0.06612967333611197,-1.499608660424452
-0.8550035549826336,-0.9154899550410339,-0.6256203052498125,-1.2419955974903178,0.7587509888037558,1.2022378445038764,-0.7587509888037518,0.23426417176938996
-0.8550035549826336,-1.080474088640968,-1.1549977760195027,-1.4265358144657272,1.3086714302303317,-0.12067516010990643,-1.3086714302303277,-1.0994841606874117
0.3274083635053847,0.07441484655857049,-0.49327593755738997,0.1331266644877318,0.4837907680904679,-1.223072161514766,-0.4837907680904639,-1.3217755494302121
-0.8550035549826336,-1.0028344963586462,-1.1549977760195027,-1.178894749105178,1.0337112095170438,-0.7409580351425855,-1.0337112095170398,-1.0994841606874117
-0.8550035549826336,-1.0998839867115484,-0.9697156612501111,-1.1407961236650934,-0.616050114762684,-0.22240155161526506,0.6160501147626879,-0.6326722443275311
-0.8550035549826336,-0.5078820955588439,-0.757964672942235,-0.4955006552736624,-0.616050114762684,-0.9102660159207363,0.6160501147626879,-0.09917291134481043
0.3274083635053847,0.5596622983230825,0.03610153321230023,0.5962630799937589,-0.34108989404939605,-0.763718431517792,0.34108989404939993,-0.4326099944590108
0.3274083635053847,-0.2361435225707172,0.32725914213562984,-0.06927228316271707,1.3086714302303317,0.8965887549436884,-1.3086714302303277,0.05643106077514944
0.3274083635053847,0.5596622983230825,-0.41386931694193646,0.07478814428260243,-0.891010335475972,-0.9748059267661909,0.8910103354759757,-1.1884007161845318
-0.8550035549826336,-0.40112765617065127,-0.49327593755738997,0.0914562929126394,1.5836316509436197,-1.168105056170032,-1.5836316509436157,0.5677012548835904
1.509820281993403,1.064319648158175,0.8831054864438046,1.2903724122302984,-0.891010335475972,-0.15455427272254596,0.8910103354759757,-0.532641119393271
-0.8550035549826336,-1.0028344963586462,-1.1020600289425337,-1.3253363406405028,1.0337112095170438,-0.20443985605449036,-1.0337112095170398,-0.9661093274417315
-0.8550035549826336,-0.9154899550410339,-0.9432467877116266,-1.0872199316399747,0.2088305473771799,-0.2651239575267699,-0.20883054737717596,-0.5659848277046909
-0.8550035549826336,-0.6922761272293584,0.16844590090472278,-0.35501197396335077,-0.891010335475972,1.12957690437181,0.8910103354759757,2.234886670454592
-0.8550035549826336,-0.711686025299939,-0.5726825581728435,-0.2835770512631924,1.5836316509436197,-0.799618270835721,-1.5836316509436157,0.36763900501507013
-0.8550035549826336,-0.7990305666175511,-0.44033819048042094,-0.3407249894233191,-1.7158909976158359,-0.3842453822276613,1.7158909976158396,0.7010760881292706
1.509820281993403,1.5398621508873966,1.2801385895210722,1.4963431060157553,-0.06612967333610807,0.21859846061469343,0.06612967333611197,-0.03248549472197035
1.509820281993403,1.0837295462287553,1.2272008424441032,1.1117851054799024,-1.16597055618926,0.6453489359360652,1.1659705561892637,-0.09917291134481043
0.3274083635053847,0.38497321568785814,-0.09624283448012232,-0.20142689015801016,-0.891010335475972,0.1830422428868993,0.8910103354759757,-0.6549013832018108
-0.8550035549826336,-0.40112765617065127,-0.49327593755738997,-0.12284847518783588,0.4837907680904679,-0.8641288498803154,-0.4837907680904639,0.5677012548835904
-0.8550035549826336,-0.8475553117940022,-1.0755911554040491,-0.8848209839895258,1.3086714302303317,-1.093072772954156,-1.3086714302303277,-0.8994219108188913
1.509820281993403,2.0154046536166184,1.2272008424441032,2.42737826520782,-0.891010335475972,-0.8218341908595045,0.8910103354759757,-0.09917291134481043
